"PRODUCT -   Low technology manufactures: textile, garment and footwear (Lall classification)"
"PARTNER -           China"

YEAR,"1995","1996","1997","1998","1999","2000","2001","2002","2003","2004","2005","2006","2007","2008","2009","2010","2011","2012","2013","2014","2015","2016","2017"
"ECONOMY",
"Individual economies","_","_","_","_","_","_","_","_","_","_","_","_","_","_","_","_","_","_","_","_","_","_","_"
"World",13120593.63,14926905.688,16700971.53,15408070.793,15780645.443,18029848.488,17944334.012,18692957.901,21360013.129,24040086.018,24678494.773,26216795.786,26322191.436,25376156.026,21899497.03,26779677.635,30074621.854,31105844.104,34170700.091,33773219.801,32481932.175,29424096.314,33478293.054
"  Developing economies",11513118.13,13197539.789,14758847.758,13655219.153,13706157.565,15511837.385,15361822.524,15919037.421,17968867.854,19985534.66,20351825.355,21366906.03,20930829.784,19386144.647,16498222.944,20517399.948,22574609.246,23391847.533,26140806.997,25385909.109,24642757.845,21772367.835,23127775.609
"  Transition economies",13140.48,9805.869000000001,7456.613,7333.679,14268.707,33958.99,11337.141,31509.004,83511.534,156574.99,256761.92,233534.277,264595.152,439279.339,385317.491,227158.612,191735.605,343033.351,347094.143,489310.741,558149.02,365939.97,750682.808
"  Developed economies",1594335.02,1719560.03,1934667.159,1745517.961,2060219.171,2484052.113,2571174.347,2742411.476,3307633.741,3897976.368,4069907.498,4616355.479,5126766.5,5550732.04,5015956.595,6035119.075,7308277.003,7370963.22,7682798.951,7897999.951,7281025.31,7285788.509,9599834.637
"    Developing economies: Africa",5227.169,7414.876,5059.509,4293.631,7018.557,12315.664,10825.468,16041.644,20143.761,20689.624,39499.146,58917.97,81053.351,102304.798,110051.343,316153.658,178837.994,197183.474,218030.764,245610.657,242104.728,258603.717,234113.159
"      Developing economies: Eastern Africa",1064.878,374.163,543.518,548.443,1303.101,1627.331,2739.36,4876.659,4333.806,5525.34,12846.208,22406.408,28374.427,33347.129,24441.287,45461.547,60871.265,76357.375,85832.823,103625.031,114392.468,127030.955,116860.749
"      Developing economies: Middle Africa",107.655,1,2.25,1.879,11.19,7.998,21.766,11.44,37.977,15.103,137.007,46.56,48.208,84.96299999999999,35.85,14.433,43.927,26.733,121.739,202.048,174.35,127.058,256.91
"      Developing economies: Northern Africa",99.30200000000001,3630.556,1059.454,590.711,2142.575,6196.878,3006.948,3643.21,3721.019,3611.324,7252.331,9910.464,18589.254,26883.026,33117.821,49081.403,58896.476,60656.578,70986.481,87050.99000000001,81584.999,88168.192,76182.901
"      Developing economies: Southern Africa",3099.578,3346.824,3393.929,2905.503,3313.958,2610.03,4490.291,6982.333,11216.378,8200.779000000001,13680.599,16141.218,13674.935,16083.415,9424.843000000001,8574.129000000001,12596.186,16670.661,26085.772,32786.713,22310.233,19512.556,22236.852
"      Developing economies: Western Africa",855.756,62.333,60.358,247.095,247.733,1873.427,567.103,528.002,834.581,3337.078,5583.001,10413.32,20366.527,25906.265,43031.542,213022.146,46430.14,43472.127,35003.949,21945.875,23642.678,23764.956,18575.747
"    Developing economies: America",17445.95,27970.894,98305.70200000001,116213.498,110566.612,123578.224,199892.82,250865.906,303325.824,427811.304,470536.08,654732.668,789499.079,610902.7780000001,482476.221,644186.233,693714.617,778786.274,938609.15,1136911.093,927704.166,780143.7020000001,829097.263
"      Developing economies: Caribbean",29.77,49.771,1.507,14.482,11.162,307.009,792.412,558.689,764.289,928.723,361.384,543.627,664.904,1098.461,1736.14,1512.663,2250.442,5653.734,6838.628,5352.421,9020.704,8015.904000000001,9463.723
"      Developing economies: Central America",2186.742,2044.5,1243.9,1768.921,1188.422,2229.787,7217.508,9328.647999999999,11537.928,16422.501,32872.858,33419.038,42909.856,28333.954,60895.146,58449.193,51072.877,66842.394,52827.065,69656.641,58488.717,47320.1,66188.416
"      Developing economies: South America",15229.438,25876.623,97060.295,114430.095,109367.028,121041.428,191882.9,240978.569,291023.607,410460.08,437301.838,620770.003,745924.319,581470.363,419844.935,584224.377,640391.298,706290.146,878943.4570000001,1061902.031,860194.745,724807.698,753445.124
"    Developing economies: Asia",11490440.011,13162071.019,14655482.547,13534412.691,13588223.489,15375807.481,15151060.358,15652100.543,17645370.588,19537001.86,19841747.382,20653048.413,20060237.165,18672911.008,15905632.377,19557030.023,21702041.229,22415855.443,24983727.312,24003319.52,23472244.702,20732981.208,22063943.481
"      Developing economies: Eastern Asia",11283716.116,12905779.839,14327188.123,13187787.706,13180119.154,14828496.888,14531784.367,14982423.732,16819279.591,18545366.071,18751941.337,19098009.207,18524642.496,16795546.217,13776170.125,16291570.033,17184463.254,16214328.123,16556232,15332374.723,13859637.009,11264916.83,10809928.08
"      Developing economies: Southern Asia",73237.276,121966.103,182977.185,182264.02,206220.077,262174.052,316170.377,278308.213,288295.852,371992.484,455848.44,788486.312,608551.356,662399.424,982868.605,1482602.539,2021352.135,3365694.288,4721712.465,4063776.808,4075173.845,3146049.503,3020398.576
"      Developing economies: South-Eastern Asia",130446.591,129042.442,138164.304,157423.687,190973.642,273371.1,287084.175,373722.417,516472.464,584384.036,594693.825,704287.743,845933.072,1071531.732,1035636.173,1602317.153,2235857.699,2576251.29,3381365.252,4282976.785,5254409.356,6026839.264,7945740.983
"      Developing economies: Western Asia",3040.028,5282.635,7152.935,6937.278,10910.616,11765.441,16021.439,17646.181,21322.681,35259.269,39263.78,62265.151,81110.241,143433.635,110957.474,180540.298,260368.141,259581.742,324417.595,324191.204,283024.492,295175.611,287875.842
"    Developing economies: Oceania",5,83,"..",299.333,348.907,136.016,43.878,29.328,27.681,31.872,42.747,206.979,40.189,26.063,63.003,30.034,15.406,22.342,439.771,67.839,704.249,639.208,621.706
"    Developed economies: America",87303.88000000001,80513.473,122704.822,150528.164,162001.031,201461.103,233488.427,296717.594,373584.114,457277.523,538432.2340000001,696464.743,775136.664,815221.032,687629.698,933000.997,1025242.174,1044251.604,1190689.405,1218396.285,1118745.803,1054952.737,2163653.515
"    Developed economies: Asia",1218511.104,1310582.08,1368576.851,1194524.496,1507620.539,1741924.622,1687139.127,1705927.664,1997367.039,2326455.749,2252232.764,2280606.893,2271139.905,2323309.421,2052162.162,2302618.381,2549643.8,2392908.443,1974412.216,1844276.652,1638218.115,1695541.147,1722794.238
"    Developed economies: Europe",259127.117,286614.979,404294.681,365695.448,366100.159,499421.691,589812.113,665663.458,867556.554,1047064.345,1218475.458,1527878.8,1963368.455,2301577.802,2174267.904,2712880.596,3633539.176,3852675.786,4434487.979,4763968.398,4446777.947,4454064.107,5295732.677
"    Developed economies: Oceania",29392.919,41849.498,39090.805,34769.853,24497.442,41244.697,60734.68,74102.76,69126.034,67178.751,60767.042,111405.043,117121.476,110623.785,101896.831,86619.101,99851.853,81127.387,83209.351,71358.616,77283.44500000001,81230.518,417654.207
"    Developed economies: Asia and Oceania",1247904.023,1352431.578,1407667.656,1229294.349,1532117.981,1783169.319,1747873.807,1780030.424,2066493.073,2393634.5,2312999.806,2392011.936,2388261.381,2433933.206,2154058.993,2389237.482,2649495.653,2474035.83,2057621.567,1915635.268,1715501.56,1776771.665,2140448.445
"    Developing economies: Asia and Oceania",11490445.011,13162154.019,14655482.547,13534712.024,13588572.396,15375943.497,15151104.236,15652129.871,17645398.269,19537033.732,19841790.129,20653255.392,20060277.354,18672937.071,15905695.38,19557060.057,21702056.635,22415877.785,24984167.083,24003387.359,23472948.951,20733620.416,22064565.187
"Developing economies excluding China",11513118.13,13197539.789,14758847.758,13655219.153,13706157.565,15511837.385,15361822.524,15919037.421,17968867.854,19985534.66,20351825.355,21366906.03,20930829.784,19386144.647,16498222.944,20517399.948,22574609.246,23391847.533,26140806.997,25385909.109,24642757.845,21772367.835,23127775.609
"Developing economies excluding LDCs",11500192.13,13178194.364,14743484.888,13646700.419,13696271.736,15496273.263,15347443.019,15902339.718,17949483.65,19951917.029,20307798.783,21114446.076,20863092.677,19307204.832,16416208.705,20357747.854,22260794.8,22967962.337,25574174.913,24668740.874,23652812.1,20646555.243,21962007.136
"Developing economies excluding LDCs and China",11500192.13,13178194.364,14743484.888,13646700.419,13696271.736,15496273.263,15347443.019,15902339.718,17949483.65,19951917.029,20307798.783,21114446.076,20863092.677,19307204.832,16416208.705,20357747.854,22260794.8,22967962.337,25574174.913,24668740.874,23652812.1,20646555.243,21962007.136
"Developing economies excluding LDCs: Africa",3625.062,3569.151,3918.384,3634.085,5688.137,8328.284,8750.222,12268.626,17101.885,15588.507,28139.763,39965.991,55932.394,70659.38000000001,86229.008,265206.595,113326.503,123373.029,139755.327,151401.226,137404.102,135978.43,125773.479
"Developing economies excluding LDCs: America",17445.95,27945.052,98305.70200000001,116213.498,110566.612,123578.224,199892.82,250864.906,303325.824,427810.304,470535.212,654728.662,789484.029,610896.085,482465.122,644174.766,693700.773,778759.704,938567.804,1136871.245,927675.365,780100.1040000001,829063.525
"Developing economies excluding LDCs: Asia",11479116.118,13146597.161,14641260.802,13526556.476,13579668.08,15364230.739,15138756.099,15639176.858,17629028.26,19508486.599,19809081.061,20419544.444,20017636.065,18625623.535,15847451.906,19448336.459,21453752.14,22065807.266,24495412.013,23380400.595,22587028.402,19729837.507,21006548.469
"Developing economies excluding LDCs: Oceania",5,83,"..",296.36,348.907,136.016,43.878,29.328,27.681,31.619,42.747,206.979,40.189,25.832,62.669,30.034,15.384,22.338,439.769,67.80800000000001,704.231,639.202,621.663
"Developing economies excluding LDCs and China: Asia",11479116.118,13146597.161,14641260.802,13526556.476,13579668.08,15364230.739,15138756.099,15639176.858,17629028.26,19508486.599,19809081.061,20419544.444,20017636.065,18625623.535,15847451.906,19448336.459,21453752.14,22065807.266,24495412.013,23380400.595,22587028.402,19729837.507,21006548.469
"LDCs (Least developed countries)",12835.404,19345.425,15360.62,8518.734,9885.829,15564.122,14379.001,16697.703,19384.204,33617.631,44026.572,252459.954,67737.107,78939.815,82013.72199999999,159652.094,313814.446,423885.196,566632.084,717168.235,989945.745,1125812.592,1165768.473
"    LDCs: Africa and Haiti",1511.511,3870.567,1138.875,659.5460000000001,1330.42,3987.38,2057.884,3774.018,3041.876,5102.117,11360.251,18955.985,25136.007,31652.111,23832.917,50958.53,65525.335,73837.015,78316.783,94249.279,104729.427,122668.885,108373.398
"    LDCs: Asia",11323.893,15473.858,14221.745,7856.215,8555.409,11576.742,12304.259,12923.685,16342.328,28515.261,32666.32,233503.969,42601.1,47287.473,58180.395,108693.564,248289.089,350048.177,488315.299,622918.911,885216.3000000001,1003143.625,1057394.979
"    LDCs: Islands","..",1,"..",2.973,"..","..",16.858,"..","..",0.253,0.001,"..","..",0.231,0.41,"..",0.022,0.004,0.002,0.045,0.018,0.082,0.096
"    LDCs: Africa",1511.511,3844.725,1138.875,659.5460000000001,1330.42,3987.38,2057.884,3773.018,3041.876,5101.117,11359.383,18951.979,25120.957,31645.418,23821.818,50947.063,65511.491,73810.44500000001,78275.43700000001,94209.431,104700.626,122625.287,108339.66
"    LDCs: Islands and Haiti","..",26.842,"..",2.973,"..","..",16.858,1,"..",1.253,0.869,4.006,15.05,6.924,11.509,11.467,13.866,26.574,41.348,39.893,28.819,43.68,33.834
"LLDCs (Landlocked developing countries)",7951.601,3586.698,4760.451,7833.425,12853.076,24160.475,51131.135,59559.155,109655.618,169911.999,280826.686,263636.784,296663.811,486333.998,429536.442,315459.985,308974.599,459775.878,452898.797,590181.157,642721.862,457668.839,844566.351
"SIDS (Small island developing States) (UNCTAD)",128.628,156.481,415.621,581.572,989.491,864.479,1505.756,1189.471,1291.109,434.183,697.492,1670.706,1048.392,687.808,774.029,862.932,1682.605,3644.203,3347.983,4588.508,2911.927,4768.044,4322.489
"High-income developing economies",11406640.864,13036205.417,14536158.752,13409479.056,13415134.493,15110414.683,14840282.394,15406900.601,17386593.976,19324112.617,19565722.294,20150922.599,19786555.526,17878198.402,14598525.13,17382076.287,18266302.185,17295935.981,17997540.91,16671146.602,14786680.235,12551734.599,12328517.823
"Middle-income developing economies",103047.638,159531.557,220721.712,243908.245,289272.817,397090.141,497104.852,464732.523,516295.345,593992.1580000001,705060.451,1137993.352,1069092.419,1380843.603,1726722.093,2837169.012,3725805.375,5384804.501,7343987.539,7553212.562,8453821.539000001,8233087.815,9727580.703
"Low-income developing economies",3429.628,1802.815,1967.294,1831.852,1750.255,4332.561,24435.278,47404.297,65978.533,67429.885,81042.61,77990.079,75181.83900000001,127102.642,172975.721,298154.649,582501.686,711107.051,799278.548,1161549.945,1402256.071,987545.421,1071677.083
"Low-income economies (World Bank)",3266.063,1747.524,1351.63,408.21,729.784,2552.812,24123.121,47103.086,63142.849,59035.22,72331.39200000001,69373.962,66653.455,117239.571,163025.809,274915.037,528496.625,625522.818,716563.137,1067333.857,1186519.905,715445.584,682015.882
"Lower-middle-income economies (World Bank)",105569.166,160805.233,224549.176,247761.527,291997.014,400357.049,496580.318,468200.428,526773.73,614091.482,716409.794,1147277.447,1091119.233,1406370.074,1789775.004,2999011.439,3879399.265,5704125.945,7659895.272,8020018.664,9123442.244000001,8783468.261,10445334.873
"Upper-middle-income economies (World Bank)",112870.004,106878.832,160397.632,182019.516,204396.014,249299.907,304009.096,404647.864,564490.187,850048.434,997634.409,1208495.085,1435450.565,1473712.861,1232058.353,1300766.372,1510539.142,1655402.605,2052462.326,2233445.801,1921496.24,1790021.409,2324949.041
"High-income economies (World Bank)",12898888.397,14657474.099,16314673.092,14977881.54,15283522.631,17377638.72,17119621.477,17773006.523,20205606.363,22516910.882,22892119.178,23791649.292,23728968.183,22378833.52,18714637.864,22204983.912,24156186.822,23120792.736,23741779.356,22452421.479,20250473.706,18135161.06,20025993.197
"High-income OECD members (World Bank)",3287060.932,3985463.444,4583696.198,3806897.581,4330582.681,5230920.371,5160538.878,5371386.997,6048326.226,6654387.008,6885920.352,7403749.504,7816921.7,8024704.792,7109932.434,8464492.898,9905924.880000001,9819960.982999999,10129080.094,10117364.647,9299615.469000001,9061647.857999999,11210713.451
"High-income non OECD members (World Bank)",9611827.465,10672010.655,11730976.894,11170983.959,10952939.95,12146718.349,11959082.599,12401619.526,14157280.137,15862523.874,16006198.826,16387899.788,15912046.483,14354128.728,11604705.43,13740491.014,14250261.942,13300831.753,13612699.262,12335056.832,10950858.237,9073513.202,8815279.745999999
"HIPCs (Heavily indebted poor countries) (IMF)",2019.899,351.391,159.523,251.72,722.129,2394.54,1785.658,4737.609,5217.71,6890.088,14126.95,19965.468,28769.936,34054.237,26273.823,56204.834,71888.93300000001,78881.367,91713.317,100007.499,107363.665,123333.589,105245.953
"LIFDC (Low-income food-deficit countries) (FAO)",79818.086,129116.763,187490.7,186870.341,210885.325,271256.203,341780.034,330601.503,354849.865,442949.225,544343.634,880986.529,713039.526,820199.688,1249335.99,2133036.681,2708182.857,4263150.817,5704935.576,5497076.945,5679967.221,4080166.276,3974410.915
"Selected LIFDC (Low-income food-deficit countries)",75165.583,122894.44,182075.816,181627.334,205648.944,261870.058,316076.489,279835.188,288858.053,373284.061,461821.86,797359.803,623683.199,675624.101,992009.862,1516123.127,2054206.446,3406662.098,4767384.037,4090243.625,4080722.905,3156730.924,3018794.618
"Selected exporters of petroleum",13051.632,10628.778,5555.933,4683.449,12478.665,22787.617,12476.523,30546.102,79586.606,152199.942,264014.366,249439.409,308313.5,495434.267,382760.01,325831.726,173931.549,200293.56,185834.652,190584.551,148473.92,123052.556,487929.042
"Selected exporters of manufactured goods",11387081.808,13023076.017,14503605.637,13394186.177,13419987.694,15151617.302,14857560.564,15291151.608,17237745.48,19136237.581,19468067.55,20271971.953,19646209.904,18146967.922,15519437.672,18943382.355,20701983.175,21192650.032,23521380.554,22021061.5,21080900.923,18670869.691,19666652.852
"Selected exporters of manufactured goods and primary commodities",1853421.873,2478317.115,2966819.225,2418727.213,2723764.166,3335804.61,3320255.331,3582887.763,4470313.474,5118644.43,5458545.839,6265777.984,6323592.321000001,6086670.081,5805110.71,7384835.334,8664156.471000001,9405944.551999999,10490073.224,10788056.558,10542058.052,10368249.82,11674736.818
"Selected exporters of agricultural products",10356.911,19381.506,75992.68300000001,96020.16899999999,85076.99800000001,88015.694,129875.326,154706.346,156264.815,203505.261,173807.158,228578.871,230750.046,190958.757,141416.089,226411.369,231676.16,201079.133,237632.082,251723.885,231628.25,206137.195,238769.954
"Selected exporters of minerals and mining products",3471.843,2160.314,8397.99,3290.586,8015.77,21958.95,40223.305,36726.697,46008.627,42013.633,36876.058,44439.784,53901.639,64728.792,81654.91800000001,75032.42600000001,107982.748,121349.871,76142.52099999999,78753.86500000001,85281.45200000001,75182.488,103213.972
"Net food-importing economies",12777779.727,14565756.67,16206547.668,14851747.425,15178848.468,17289744.316,17004861.153,17549120.58,19962203.215,22258423.955,22759252.417,23650690.228,23308371.192,22072988.278,18894739.444,22315365.78,24419029.087,24335867.935,24908053.964,23789069.255,21887678.661,18905762.875,19418679.486
"  Net food-importing developing economies",11357632.35,13019702.573,14495237.123,13365279.785,13373789.172,15106198.278,14833664.849,15284657.276,17195807.163,18959279.336,19280899.321,19938635.631,19232940.484,17543188.804,14804963.04,17802443.186,18975990.643,18800370.053,19407990.802,18047819.832,16592753.698,13760490.029,13403469.258
"  Net food-importing transition economies",12544.736,9014.08,6673.357,7256.513,13177.768,33566.65,10750.795,30229.616,75133.241,145395.281,250885.518,230738.173,260616.932,435049.73,376022.884,218971.879,173427.719,321563.632,338638.143,478960.717,546033.744,353707.559,740089.545
"  Net food-importing developed economies",1407602.641,1537040.017,1704637.188,1479211.127,1791881.528,2149979.388,2160445.509,2234233.688,2691262.811,3153749.338,3227467.578,3481316.424,3814813.776,4094749.744,3713753.52,4293950.715,5269610.725,5213934.25,5161425.019,5262288.706,4748891.219,4791565.287,5275120.683
"Major net food-importing economies",12728184.087,14500842.269,16086191.155,14704577.515,15018499.577,17050937.842,16702779.562,17253017.634,19579290.969,21772033.788,22071279.637,22891269.994,22491844.229,20998485.333,17526223.739,20774211.556,22387005.723,21293248.56,21692479.409,20467966.308,18530432.54,16454806.776,16541228.351
"Net food-exporting economies",342813.903,361149.018,494415.862,556254.368,601776.975,740103.371,939472.203,1143837.321,1397809.914,1781661.838,1919232.813,2565442.06,3012048.22,3303167.747,3004756.728,4464311.345,5655592.767,6769976.169,9262646.127,9984150.546,10594253.514,10518333.439,14059613.568
"  Net food-exporting developing economies",155485.78,177837.216,263610.635,289939.368,332368.393,405638.306,528157.6750000001,634380.145,773060.691,1026255.324,1070926.034,1428268.587,1697889.287,1842955.842,1693259.046,2714956.252,3598618.603,4591477.48,6732816.195,7338089.277,8050004.147,8011877.806,9724306.351
"  Net food-exporting transition economies",595.744,791.789,775.256,8.166,1070.939,392.34,585.6900000000001,1279.388,8378.293,11179.484,5866.859,2134.418,2206.209,4229.609,9294.607,8186.733,18307.886,21469.719,8456,10350.024,12115.276,12232.411,10593.263
"  Net food-exporting developed economies",186732.379,182520.013,230029.971,266306.834,268337.643,334072.725,410728.838,508177.788,616370.9300000001,744227.03,842439.92,1135039.055,1311952.724,1455982.296,1302203.075,1741168.36,2038666.278,2157028.97,2521373.932,2635711.245,2532134.091,2494223.222,4324713.954
"Major net food-exporting economies",340949.001,360269.11,494156.23,555838.623,599669.994,737262.945,937724.993,1139568.834,1390082.84,1771259.355,1900905.768,2538990.87,2966650.384,3241058.022,2956160.147,4387944.713000001,5554881.237,6660114.8,9136040.857000001,9827500.906,10432288.98,10338323.73,13907460.379
"BASIC",33963.607,60186.429,81779.98,69058.807,90736.74800000001,101079.782,158211.397,180793.024,228183.214,334182.519,402098.713,576292.093,662319.4520000001,576625.534,484224.359,848839.089,1089417.478,1747185.325,2990793.273,2755354.15,2694464.372,1949586.356,1868461.402
"BRICS",40153.607,67202.083,84895.588,71536.272,99203.743,114666.973,162818.741,189649.075,241624.635,349511.284,416610.137,591688.817,676850.901,586396.379,489839.978,860511.642,1097189.802,1751110.476,2995815.245,2764113.759,2707724.444,1965538.78,1874604.774
"Industrialized economies (UNIDO)",12922025.293,14677062.798,16315859.441,14992854.876,15316098.491,17410944.104,17132248.23,17777613.268,20219330.298,22556337.224,22953436.46,23851291.177,23788279.54,22423529.484,18776915.433,22267510.898,24247684.807,23244356.81,23914067.643,22630326.975,20457024.039,18355284.546,20279189.07
"EIEs (Emerging Industrial Economies) (UNIDO)",139703.713,159765.3,246337.714,267257.569,293973.832,367218.236,485183.868,599608.292,773005.855,1060609.043,1169317.206,1454636.023,1703569.204,1830603.356,1541226.471,1944736.653,2350795.541,3141301.556,4711117.373,4594984.525,4532729.436,3802930.312,4235363.697
"Emerging markets",11398495.23,13014149.44,14522474.129,13442498.147,13460724.789,15194245.631,14928499.141,15472992.101,17514440.127,19544567.471,19900819.181,20599073.76,20283429.969,18709298.815,15370760.438,18443463.864,19426470.906,19159237.809,21088892.627,19493980.654,17886006.895,15041795.794,15119004.223
"  Emerging markets: Africa",3162.876,3425.628,3430.049,3201.111,3776.155,4794.871,6238.516,9521.656999999999,13728.829,12408.203,20581.175,27979.864,37882.459,47768.132,60478.762,229302.628,70011.232,73807.576,82968.693,81352.09299999999,73899.291,55791.593,66390.948
"  Emerging markets: America",16539.378,27351.835,97710.671,113822.429,106506.744,118693.868,192762.826,243737.922,296581.187,416256.937,450651.78,637848.11,770751.642,591792.069,456471.826,595056.177,646949.047,742347.449,889328.843,1086206.074,886313.931,750541.556,796333.607
"  Emerging markets: Asia",11363122.54,12972979.305,14413974.532,13320539.02,13338606.714,15055338.778,14721459.179,15194183.689,17127210.258,18972701.791,19183817.42,19705751.618,19222341.63,17630473.237,14522856.467,17547905.716,18630645.642,18245910.952,20010218.056,18226727.239,16831626.815,14131548.602,14080249.071
"  Emerging markets: Europe and Kazakhstan",15670.436,10392.672,7358.877,4935.587,11835.176,15418.114,8038.62,25548.833,76919.853,143200.54,245768.806,227494.168,252454.238,439265.377,330953.383,71199.34299999999,78864.985,97171.832,106377.035,99695.24800000001,94166.85799999999,103914.043,176030.597
"Africa excluding South Africa",2147.624,4089.505,1693.842,1409.198,3719.959,9757.323,6335.621,9062.745000000001,8970.082,12636.296,26219.042,44981.355,69046.85400000001,88866.296,102526.669,308209.988,167609.974,180967.37,194125.194,215026.708,221320.541,240020.81,212409.693
"Northern Africa excluding Sudan",38.555,100.347,77.234,170.058,1517.779,4681.171,2591.006,3525.752,3586.837,3403.574,6808.834,9217.790000000001,18589.254,25728.63,32548.32,47724.049,55859.307,56069.452,69041.164,84883.533,80798.306,86925.87699999999,74823.845
"Sub-Saharan Africa",5188.614,7314.529000000001,4982.275,4123.573,5500.778,7634.493,8234.462,12515.892,16556.924,17286.05,32690.312,49700.18,62464.097,76576.16800000001,77503.023,268429.609,122978.687,141114.022,148989.6,160727.124,161306.422,171677.84,159289.314
"Sub-Saharan Africa excluding South Africa",2109.069,3989.158,1616.608,1239.14,2202.18,5076.152,3744.615,5536.993,5383.245,9232.722,19410.208,35763.565,50457.6,63137.666,69978.349,260485.939,111750.667,124897.918,125084.03,130143.175,140522.235,153094.933,137585.848
"South America excluding Brazil",11727.427,21256.709,81810.11500000001,98249.001,87588.45600000001,96549.594,135038.071,157835.044,162981.299,210641.662,178565.605,227975.474,247538.188,198693.281,144789.552,220632.196,229096.527,212143.75,225524.109,222864.276,192308.174,142630.081,211170.398
"Central America and Greater Caribbean Islands excluding Mexico and Puerto Rico",609.2720000000001,125.576,294.036,837.744,1091.296,473.117,1493.566,784.7960000000001,1725.056,4559.783,6036.214,5768.312,11591.081,13751.004,12306.145,13397.989,11752.454,14459.661,22251.319,25142.247,21043.18,19524.021,20718.564
"South America and Central America",17416.18,27921.123,98304.19500000001,116199.016,110555.45,123271.215,199100.408,250307.217,302561.535,426882.581,470174.696,654189.041,788834.1750000001,609804.317,480740.081,642673.57,691464.1750000001,773132.54,931770.522,1131558.672,918683.4620000001,772127.798,819633.54
"Southern Asia excluding India",45855.225,69724.959,119813.052,132270.74,140560.499,188144.445,219293.656,187637.613,199328.625,245681.711,325766.064,618925.363,456624.532,481989.474,781224.303,1005299.301,1354457.448,2128871.463,2408244.11,2178044.362,2069380.231,1797223.671,1715915.366
"Eastern, Southern and South-Eastern Asia",11487399.983,13156788.384,14648329.612,13527475.413,13577312.873,15364042.04,15135038.919,15634454.362,17624047.907,19501742.591,19802483.602,20590783.262,19979126.924,18529477.373,15794674.903,19376489.725,21441673.088,22156273.701,24659309.717,23679128.316,23189220.21,20437805.597,21776067.639
"Eastern and South-Eastern Asia excluding China",11414162.707,13034822.281,14465352.427,13345211.393,13371092.796,15101867.988,14818868.542,15356146.149,17335752.055,19129750.107,19346635.162,19802296.95,19370575.568,17867077.949,14811806.298,17893887.186,19420320.953,18790579.413,19937597.252,19615351.508,19114046.365,17291756.094,18755669.063
"ACP (African, Caribbean and Pacific Group of States)",5224.384,7448.3,4984.074,4447.21,5858.103,8127.881,9072.402,13105,17350.889,18246.65,33108.092,50594.106,63169.428,77701.84299999999,79368.758,270072.283,125248.948,146857.251,155927.387,168666.608,171458.077,181435.706,169982.932
"ACP (African, Caribbean and Pacific Group of States): LDCs (Least developed countries)",1511.511,3871.567,1138.875,662.519,1330.42,3987.38,2074.742,3774.018,3043.861,5102.37,11361.091,18955.985,25136.836,31653.716,23835.224,50960.128,65527.252,73837.06600000001,78316.785,94249.32399999999,104729.445,122668.967,108373.494
"ACP (African, Caribbean and Pacific Group of States): LLDCs (Landlocked developing countries)",727.068,206.031,114.459,96.44499999999999,448.12,287.199,1089.164,3219.838,2916.859,4832.568,10777.381,17480.214,22158.311,26975.833,17596.102,38681.862,55130.575,59782.463,66928.288,74117.344,82963.61500000001,101790.536,79747.162
"ACP (African, Caribbean and Pacific Group of States): Islands states",161.35,268.707,421.264,622.638,1053.703,1431.255,2578.28,2165.56,2050.891,1483.29,1228.093,2481.785,2414.385,2621.096,3348.56,4467.851,5131.176,11338.708,12798.191,12884.395,15429.543,16800.253,18103.502
"ALBA-TCP (Bolivarian Alliance for the Peoples of Our America - Peoples' Trade Treaty)",2409.646,1791.453,1235.942,402.607,21.11,170.823,172.918,1135.057,2332.158,3412.49,6800.12,2281.74,6944.191,3702.25,4085.31,10395.857,17535.044,26186.158,25069.077,22075.906,15939.623,10390.257,13226.162
"AMU (Arab Maghreb Union)",10.569,13.474,12.852,3.557,1122.905,2478.865,934.8,1231.449,1738.909,2006.416,4826.642,5017.728,12287.431,15713.691,19908.67,28527.055,35922.303,34233.812,39270.566,50427.862,47674.018,58684.983,40416.979
"APEC (Asia-Pacific Economic Cooperation)",12679503.709,14361980.083,15886224.595,14648427.078,14962655.028,16968935.361,16616047.477,17200253.536,19511756.729,21729333.595,21973278.116,22710631.366,22372987.349,20941281.299,17511018.317,20972943.775,22544492.716,21651442.475,22443274.861,21681627.388,20648749.767,19196422.092,22090934.982
"APTA (Asia-Pacific Trade Agreement)",1732589.837,2334527.374,2727353.251,2119770.285,2348847.261,2842827.594,2731871.781,2759445.426,2881666.604,2928544.731,2992340.279,3208275.016,2907180.257,2747482.158,2388610.257,3045209.593,3537652.035,4008885.176,5188543.453,4665158.273,4738010.179,3863530.321,3654928.364
"ASEAN (Association of Southeast Asian Nations)",130446.591,129042.442,138164.304,157423.687,190973.642,273371.1,287084.175,373722.417,516472.464,584384.036,594693.824,704287.743,845933.072,1071531.732,1035636.097,1602317.153,2235857.699,2576251.29,3381365.252,4282976.771,5254409.356,6026839.188,7945740.95
"ASEAN (Association of Southeast Asian Nations) plus China, Japan and Republic of Korea",3042533.075,3705779.996,4155600.256,3412946.835,3958824.584,4748105.138,4548424.129,4700090.053,5244146.674,5659715.745,5661664.534,5772380.307,5812820.583,5884271.881,5185618.351,6335914.92,7379861.987,7412148.89,7807449.376,8349596.238,8910293.060000001,9496052.513,11278325.543
"CACM (Central American Common Market)",492.795,66.31399999999999,261.386,797.999,1015.467,113.663,410.774,214.195,970.686,3597.038,4978.989,3801.33,5034.997,5563.068,6291.848,6673.16,5740.872,6374.168,12414.502,15475.95,10030.379,8940.234,8958.779000000001
"CAN (Andean Community)",652.3630000000001,409.233,4249.334,1573.084,2682.14,7114.275,4383.338,5667.874,8536.784,9873.643,10468.301,13429.744,31381.202,29123.676,18058.835,27274.012,47217.556,47514.574,48291.695,41392.829,37638.587,33132.225,52954.728
"CARICOM (Caribbean Community)",2.24,31.949,1.799,15.754,8.417999999999999,52.333,15.963,2.552,16.568,18.321,36.348,166.485,24.252,101.466,99.48,182.201,59.587,166.227,120.497,2795.205,1509.363,1847.916,1510.668
"CEFTA (Central European Free Trade Agreement)","_","_","_","_","_","_","_","_","_","_","_","_","_",4338.514,11350.457,9888.209000000001,26324.04,24057.928,13675.619,22035.333,34269.404,26750.241,21929.82
"CEMAC (Economic and Monetary Community of Central Africa)",90.596,"..",2.25,1.879,11.19,7.998,21.766,11.44,37.977,15.103,137.007,46.56,48.208,84.96299999999999,35.85,14.356,43.927,26.733,121.739,201.76,140.126,42.831,256.89
"CEN-SAD (Community of Sahel-Saharan States)",929.707,3696.7,1136.059,895.433,2421.519,6478.88,3649.366,4182.652,4599.91,7113.385,13100.257,20453.604,38911.251,53017.285,76753.69100000001,263371.524,107555.682,104654.478,107020.631,114432.471,108822.837,113929.664,100348.608
"CEPGL (Economic Community of the Great Lakes Countries)",17.059,0.537,"..","..","..","..",2.12,0.102,1.309,"..",64.24,176.473,235.904,218.122,282.194,1190.317,164.579,97.536,7.618,87.199,842.9980000000001,1791.628,1995.423
"CIS (Commonwealth of Independent States)",13140.48,9805.869000000001,7430.628,7264.679,14248.707,20462.023,11327.618,31479.108,83320.63000000001,156363.131,256348.563,232266.481,261432.814,435660.272,375223.968,219717.671,169934.789,324537.042,339079.372,474061.697,531052.26,345461.567,735938.417
"COMESA (Common Market for Eastern and Southern Africa)",1105.294,3987.943,1569.115,1086.523,2300.369,5343.109,4772.727,7230.813,6262.269,7060.365,14896.123,25301.707,31910.133,40017.42,32914.105,60843.935,79458.579,96299.357,112463.509,130122.28,135678.078,143421.311,136506.058
"EAC (East African Community)",175.762,163.534,13.293,100.1,138.37,289.667,226.509,352.673,292.805,431.123,1826.209,5703.98,16290.031,16599.893,10851.27,21276.11,24565.012,35501.058,41369.726,44734.214,50795.017,45794.738,43971.62
"ECCAS (Economic Community of Central African States)",107.655,1.537,2.25,1.879,11.19,7.998,23.886,11.542,39.286,15.103,201.247,223.033,284.112,303.085,318.044,1204.673,208.506,124.269,129.357,288.959,983.124,1834.459,2252.333
"ECO (Economic Cooperation Organization)",41851.767,57661.71,109931.744,131210.49,140982.414,188538.831,218794.398,202898.171,256469.899,372294.736,556912.5060000001,647078.314,718307.9129999999,917258.32,1159017.058,1209047.868,1458118.005,2350005.432,2585256.449,2314442.349,2058828.934,1582145.553,1897608.449
"ECOWAS (Economic Community of West African States)",855.756,62.333,60.358,247.095,247.733,1873.427,567.103,523.484,834.177,3336.915,5582.556,10394.737,20365.204,25906.137,43031.542,213012.247,46421.246,43468.313,34970.479,21945.854,23630.489,23764.669,18232.832
"EFTA (European Free Trade Association)",4437.341,6994.223,12733.814,13232.164,10208.375,9452.215,8571.192999999999,25803.454,34880.899,56323.778,66554.504,85189.692,117799.32,206173.961,203815.82,163547.468,206131.586,209973.086,185648.423,180268.921,153056.829,136931.387,161581.886
"EU15 (European Union 15)",248531.605,276377.096,387275.884,349224.073,352839.384,483195.409,578192.889,633430.309,820352.726,974421.57,1129073.77,1412811.329,1797335.243,2025734.471,1916304.399,2484278.266,3338414.815,3527852.131,4131816.088,4478863.171,4202449.296,4218952.446000001,5008314.618
"EU25 (European Union 25)",253721.327,279059.476,391385.77,351972.437,355358.304,489739.422,581061.635,639617.725,832344.53,990350.0770000001,1151123.448,1437497.601,1835686.537,2074980.074,1960043.342,2536104.212,3414489.247,3619694.075,4226743.002,4558143.503,4273195.309,4298476.735,5108182.661
"EU27 (European Union 27)",254232.327,279443.74,391543.685,352253.993,355786.919,489901.285,581127.6899999999,639838.562,832610.181,990706.933,1151663.003,1440151.044,1839041.817,2085620.196,1963323.284,2540263.624,3418896.299,3626270.002,4233759.706,4569067.379,4287594.315,4311254.105,5129367.568
"EU28 (European Union)",254689.776,279620.756,391560.867,352457.99,355890.32,489969.476,581240.92,639860.004,832675.655,990740.567,1151920.868,1442689.108,1845567.391,2095401.17,1970447.356,2549327.567,3427397.541,3642690.442,4248820.419,4583675.558,4293703.943,4317112.151,5134128.611
"Euro area",226232.502,249372.688,352688.443,310545.072,312716.643,440584.525,530807.968,574238.0870000001,758705.363,899809.336,1058288.489,1317689.448,1685466.185,1930521.729,1848177.372,2391911.822,3220582.148,3390345.494,3966337.672,4255413.708,3980513.715,4039263.937,4794939.817
"FTAA (Free Trade Area of the Americas)",104725.995,108484.367,221010.524,266733.112,272562.529,325038.334,433378.584,547561.009,676845.7830000001,885088.8270000001,1008892.915,1351170.782,1564605.328,1426048.762,1170074.074,1577111.377,1718854.297,1822926.025,2129197.045,2355145.235,2046256.256,1835024.945,2992620.286
"G20 (Group of Twenty)",3352079.94,4075634.693,4741903.747,4000352.232,4545153.731,5489879.392,5497664.786,5745195.241,6498221.614,7249459.861,7513590.066,8297008.866,8844854.757999999,8901472.781,7821676.864,9765438.912000001,11483346.378,12180267.184,13979022.84,13883582.898,13096287.597,12149430.629,14452306.55
"G7 (Group of Seven)",1501636.332,1616902.71,1821233.02,1620463.333,1926825.678,2300814.073,2346241.71,2476335.8,2965089.581,3534333.499,3668955.015,4083696.643,4466646.563,4740495.251,4236341.144,5141864.723,6244105.064,6280943.848,6463321.255,6658746.165,6071739.113,6006210.571000001,7642014.886
"G-77 (Group of 77)",229600.504,290355.293,434301.994,466935.113,528761.414,694378.198,875187.304,990311.75,1226058.034,1490725.95,1635663.85,2279434.826,2390237.305,2641793.938,2811907.028,4374962.096,5755474.416,7629238.64,10007480.633,10817973.575,11693391.041,10914937.037,12990183.506
"G8 (Group of Eight)",1507826.332,1623918.364,1824348.628,1622940.798,1935292.673,2314401.264,2350849.054,2485191.851,2978531.002,3549662.264,3683466.439,4099093.367,4481178.012,4750266.096,4241956.763,5153537.276,6251877.388,6284868.999,6468343.227,6667505.774,6084999.185,6022162.995,7648158.258
"GCC (The Cooperation Council for the Arab States of the Gulf)",1140.355,2549.083,5846.992,5434.014,6884.335,7062.876,9364.48,9282.566000000001,11158.258,15335.877,16447.965,15718.981,21395.233,84801.95,43318.544,74853.438,97119.26,79980.353,67206.239,97381.507,96732.155,96489.909,96442.586
"GSTP (Global System of Trade Preferences among Developing Countries)",1917001.71,2549982.646,3069898.856,2515799.834,2778347.374,3410139.302,3410571.107,3576213.816,3906793.144,4186406.503,4398400.209,5002782.977,5003690.445,4959714.546,4802556.627,6617470.99,8064355.561,9734090.889,12141954.106,12676869.806,13239182.143,12148218.869,13685685.803
"IGAD (Intergovernmental Authority on Development)",305.823,3749.017,1098.634,633.331,1122.332,2091.278,1349.462,2413.822,2798.396,4426.97,11167.47,14315.502,23261.421,26863.381,17932.461,37570.015,57494.792,63641.528,73464.019,87275.84699999999,91114.995,102751.295,91578.393
"LAIA (Latin American Integration Association)",16946.22,27853.809,98042.51700000001,115399.745,109537.613,123105.898,198690.647,250114.422,301653.009,423285.538,465257.458,650258.767,783829.23,604315.016,474407.955,635975.194,685820.127,766800.878,919423.047,1113718.516,907801.415,761859.606,809674.279
"LAS (League of Arab States)",2206.475,7420.473,7166.64,6152.865,9132.677,13310.926,12557.251,14055.189,15079.216,20964.378,25914.011,32343.858,45778.043,115418.943,79556.66,137963.089,169531.51,149480.863,143421.215,193954.858,190291.25,199798.477,196873.837
"MERCOSUR (Southern Common Market)",14253.282,25041.853,92350.23299999999,112032.329,105932.705,111821.02,185623.131,234627.564,281625.721,400090.865,426036.498,605813.922,708074.684,546305.225,398922.961,553299.581,589080.423,643588.79,817377.728,1003303.729,807479.554,683390.58,689660.8050000001
"MRU (Mano River Union)",98.363,"..",3,"..",9.545,1717.757,"..","..","..","..",0.727,0.125,0.072,2.34,0.073,0.779,0.13,0.607,325.449,36.3,21.2,379.289,700.013
"MSG (Melanesian Spearhead Group)",5,83,"..",299.333,348.907,135.334,43.878,29.328,25.696,31.872,42.747,198.35,39.261,24.689,59.101,27.567,12.702,20.484,65.09699999999999,59.819,84.02,341.668,97.214
"NAFTA (North American Free Trade Agreement)",88909.88000000001,82477.061,123654.686,151467.891,162098.157,203523.494,239990.468,305819.674,384146.702,470051.648,565608.4300000001,724648.5820000001,807118.219,830810.009,737936.895,979494.174,1066775.994,1102220.955,1228056.991,1268033.848,1164776.793,1090362.069,2218241.413
"OAS (Organization of American States)",104749.83,108484.367,221010.524,266741.662,272562.529,325038.526,433381.247,547583.5,676909.938,885088.8270000001,1008968.314,1351195.599,1564635.73,1426123.694,1170105.061,1577186.684,1718956.791,1823037.653,2129297.495,2355307.256,2046449.934,1835096.326,2992750.759
"OECD (Organisation for Economic Cooperation and Development)",3289669.101,3988923.561,4585708.96,3809237.591,4334600.321000001,5237634.155,5173573.133,5387727.797,6068857.933,6685198.4,6933730.98,7471822.527,7902961.854,8095230.873,7225382.777,8603969.707,10098748.809,10049032.966,10418781.622,10386492.017,9521193.17,9281350.661,11436231.194
"OECS (Organisation of Eastern Caribbean States)",1.24,1.048,0.616,3.876,"..","..",14.313,0.422,13.491,1.239,0.972,4.909,0.017,69.34399999999999,11.408,69.625,24.214,39.363,42.663,221.332,411.15,394.997,338.039
"OIC (Organisation of Islamic Cooperation)",100598.415,122660.932,173241.574,222474.817,250333.91,359086.167,372347.507,373515.586,452349.657,606943.123,821008.427,1174016.511,1132124.734,1449930.524,1630870.957,2087073.095,2400180.462,3480842.055,4044772.331,4074482.171,4112179.288,3698534.556,4341293.327
"OPEC (Organization of the Petroleum Exporting Countries)",3203.001,4492.752,7405.719,5578.434,6436.278,5367.559,6724.27,6792.863,10665.602,15893.976,23407.945,28846.708,51580.637,117547.546,90273.60000000001,287160.775,149771.629,135059.454,120252.122,136162.73,129953.831,118149.396,119916.564
"SAARC (South Asian Association for Regional Cooperation)",73146.052,121813.233,182656.034,182201.546,205823.717,262057.587,316116.736,277370.33,286965.086,368509.107,452298.339,784437.39,602685.331,653461.615,977987.497,1474529.207,2003064.106,3354405.565,4707296.407,4050224.392,4060721.761,3132591.119,3001736.912
"SACU (Southern African Customs Union)",3099.578,3346.824,3393.929,2905.503,3313.958,2610.03,4490.291,6982.333,11216.378,8200.779000000001,13680.599,16141.218,13674.935,16083.415,9424.843000000001,8574.129000000001,12596.186,16670.661,26085.772,32786.713,22310.233,19512.556,22236.852
"SADC (Southern African Development Community)",3936.439,3501.642,3821.033,3241.268,4119.523,3661.79,6277.153,9562.526,12884.661,9506.898999999999,15738.594,24748.325,18552.037,23503.437,16220.976,16632.852,18845.249,33876.098,40392.275,51216.731,45599.849,43411.357,46882.841
"TPP (Trans-Pacific Partnership)",1297378.273,1407932.68,1468658.218,1291299.745,1601524.906,1884882.8,1849716.613,1923002.628,2287081.629,2629617.191,2615931.306,2746283.099,2817853.916,2999153.87,2792842.619,3352847.627,4093240.314,4146209.869,4240998.411,4848038.24,5387842.289,6033586.197,8053609.011
"UNASUR (Union of South American Nations)",15229.438,25876.623,97060.295,114430.095,109367.028,121041.428,191882.9,240978.569,291023.607,410460.08,437301.838,620770.003,745924.319,581470.363,419844.935,584224.377,640391.298,706290.146,878943.4570000001,1061902.031,860194.745,724807.698,753445.124
"WAEMU (West African Economic and Monetary Union)",509.825,43.304,15.884,34.326,156.43,101.803,462.601,278.231,127.273,367.673,262.5,570.079,518.835,1586.676,2683.236,10854.025,7580.74,7711.581,5500.491,5520.321,3560.291,14336.236,7661.64
"Northern America and Europe",353216.741,374935.895,530916.352,518778.243,537659.124,728359.292,828503.097,972546.387,1263151.286,1531061.976,1777699.332,2243142.481,2758405.115,3133218.903,2880617.074,3670472.848,4696262.643,4929612.975,5645816.155,6016251.392,5616696.984,5556695.189,7490005.456
"Central Asia and Southern Asia",79592.012,123945.673,186516.949,187042.479,210930.317,268559.348,322279.721,299640.594,349708.916,501584.967,691445.65,1003127.42,852997.092,1084195.596,1348783.381,1683776.381,2174904.616,3675229.358,5045727.865,4510791.726,4577320.049,3459860.2,3734046.135
"Eastern Asia and South-eastern Asia",12632642.811,14345293.361,15833868.278,14539616.889,14868605.335,16831511.61,16492436.669,17052457.813,19321386.094,21447683.856,21596349.926,22078033.843,21639920.473,20182004.37,16854762.46,20183886.567,21951650.753,21164783.856,21904213.468,21451324.16,20742604.48,18971088.241,20456502.301
"Western Asia and Northern Africa",3170.33,9043.047000000001,8273.388999999999,7647.578,23161.724,30340.515,32624.627,30916.679,36864.552,47654.992,49407.181,77139.84600000001,101743.915,179762.759,153964.538,243634.216,338280.448,339755.016,405640.048,427955.308,379099.073,404003.731,392435.728
"Africa",5227.169,7414.876,5059.509,4293.631,7018.557,12315.664,10825.468,16041.644,20143.761,20689.624,39499.146,58917.97,81053.351,102304.798,110051.343,316153.658,178837.994,197183.474,218030.764,245610.657,242104.728,258603.717,234113.159
"America",104749.83,108484.367,221010.524,266741.662,272567.643,325039.327,433381.247,547583.5,676909.938,885088.8270000001,1008968.314,1351197.411,1564635.743,1426123.81,1170105.919,1577187.23,1718956.791,1823037.878,2129298.555,2355307.378,2046449.969,1835096.439,2992750.778
"Asia",12715305.851,14474651.525,16027599.162,14733716.235,15100554.801,17124214.595,16844334.069,17379371.876,19704238.543,21993312.491,22329950.426,23148390.645,22576072.226,21419079.699,18324392.558,22062215.761,24405939.341,25119111.652,27284594.9,26303020.204,25617438.603,22746783.98,24506801.263
"Europe",265912.861,294422.422,408211.53,368250.079,375658.093,526898.189,595014.67,675828.793,889567.172,1073784.453,1239267.098,1546677.738,1983268.451,2317997.871,2192987.376,2737471.851,3671020.469,3885361.371,4455126.75,4797855.107,4497951.181,4501742.452,5326351.941
"Oceania",29397.919,41932.498,39090.805,35069.186,24846.349,41380.713,60778.558,74132.088,69153.715,67210.62300000001,60809.789,111612.022,117161.665,110649.848,101959.834,86649.135,99867.25900000001,81149.72900000001,83649.122,71426.455,77987.694,81869.726,418275.913
